,Customer_ID,Age,Account_Balance,Loan_Amount,Loan_Duration,Loan_Type,Income,Marital_Status,Target,Loan_Amount_Display
0,1,56,955316.6278565621,2710108.234542718,66,Home,195100.932685519,Married,41725.714959869576,"2,710,108.23"
1,2,69,74051.79475288108,460328.53012431646,249,Home,131492.27272188163,Married,44151.39686818668,"460,328.53"
2,3,46,55881.051198628666,176441.2672111508,184,Personal,86163.61511519329,Married,19679.085212681814,"176,441.27"
3,4,32,61560.35387720087,176741.8349386327,232,Auto,44966.76235538834,Single,48425.07902052799,"176,741.83"
4,5,60,42540.4061803512,370063.11781432544,130,Auto,51468.19502861355,Married,17877.028178137134,"370,063.12"
5,6,25,25525.36796061459,228847.88074045454,320,Personal,64430.46274146614,Married,48057.19241447329,"228,847.88"
6,7,38,36241.2951864749,116179.38735529107,194,Home,68919.16573455214,Married,49792.77175863804,"116,179.39"
7,8,56,76026.76493597255,228957.56048568324,299,Personal,173857.81012219912,Married,38468.91222984195,"228,957.56"
8,9,36,2424.955374345831,74724.22508800092,318,Personal,123213.98794944186,Married,49245.749271672874,"74,724.23"
9,10,40,12491.191410184707,92311.55832058055,311,Personal,116593.40949051412,Married,32781.59118268415,"92,311.56"
10,11,28,5554.261560153522,251692.04750604247,93,Home,45084.552577113056,Single,20381.671327043616,"251,692.05"
11,12,28,5032.1514295780435,212368.0975047512,222,Personal,175524.44633615113,Single,27479.835426624835,"212,368.10"
12,13,41,85690.59781708971,457848.7210287095,161,Home,151492.50306148466,Married,33742.437415151435,"457,848.72"
13,14,53,70662.12807862235,184384.9800627334,48,Personal,36841.96333250028,Single,12923.2624810806,"184,384.98"
14,15,57,47943.209079645196,292391.2333876315,323,Auto,148871.14201520954,Single,34893.730584689845,"292,391.23"
15,16,41,10685.581904449147,317970.8225201675,70,Personal,120119.18803496307,Married,49247.11347049178,"317,970.82"
16,17,20,49669.971636566406,11481.756011225149,142,Personal,39301.9355056862,Married,17604.305991349105,"11,481.76"
17,18,39,47873.705307276,333450.99914827175,213,Auto,105202.61226751488,Married,41703.804651535334,"333,451.00"
18,19,19,18146.985121091504,93127.80360052695,254,Home,109821.85024775822,Single,46315.95175118477,"93,127.80"
19,20,41,43951.31327455933,480729.8071473803,46,Home,54010.54452857326,Married,47748.063712808835,"480,729.81"
20,21,61,40451.96870533997,78588.05023779091,104,Personal,190497.1757250494,Single,48405.424176217886,"78,588.05"
21,22,47,61969.15970716943,210238.94124487674,218,Auto,173745.69000911585,Married,30858.385548858878,"210,238.94"
22,23,55,63874.271435896735,47248.08569892871,343,Home,142078.90903259395,Single,49092.316319660145,"47,248.09"
23,24,19,5485.096967432407,498452.75466374395,316,Personal,105901.72317510626,Married,40292.408285377554,"498,452.75"
24,25,38,38086.64884802065,253586.53011396507,224,Auto,97058.96977728899,Married,16466.857449478477,"253,586.53"
25,26,50,62960.1316557094,299715.5835734217,170,Home,138920.35675141698,Single,29076.0042587188,"299,715.58"
26,27,29,50810.489599428685,38202.856307271606,35,Home,120450.57714620845,Single,38733.24701488016,"38,202.86"
27,28,39,85792.4942776439,376230.432847593,304,Auto,35897.79352932998,Single,19893.612632763332,"376,230.43"
28,29,61,66210.66953027555,108903.26858231495,15,Auto,114687.96353480805,Single,35624.607341955496,"108,903.27"
29,30,42,17130.50828106154,449536.8732731533,231,Auto,166120.63301574692,Single,36664.019161864766,"449,536.87"
30,31,66,7986.305992642555,106544.12203859354,31,Auto,105366.97857946766,Single,16507.989752342633,"106,544.12"
31,32,44,64599.50854242525,99390.42172851495,163,Personal,34092.401071996974,Married,32603.41249811025,"99,390.42"
32,33,59,36246.19743620559,230920.85584806965,61,Auto,162598.68489220578,Single,40865.07643914431,"230,920.86"
33,34,45,58991.78254607286,238673.13782944964,188,Home,60238.66187379552,Married,29955.826581437675,"238,673.14"
34,35,33,94082.7939010708,284596.3609649951,107,Home,70258.64610540678,Married,10484.124671044297,"284,596.36"
35,36,32,57971.94360971202,37525.77651703442,116,Personal,53823.61185065178,Single,10361.538763171688,"37,525.78"
36,37,64,39428.82269444567,388886.1702640302,261,Home,82787.63635251207,Married,24281.173758800487,"388,886.17"
37,38,68,64685.53362579297,229377.97320027367,128,Home,157431.51349551114,Single,47047.76273727128,"229,377.97"
38,39,61,46367.03615866014,264573.1833171521,239,Auto,115892.52541318904,Single,19147.07118414435,"264,573.18"
39,40,69,55016.06214227756,223177.55973442292,77,Home,60854.222976374695,Married,35374.54755486749,"223,177.56"
40,41,20,94205.016068876,203377.71513328637,346,Personal,178620.26367660714,Married,18883.034827732823,"203,377.72"
41,42,54,39224.16114227665,282021.96399756783,273,Auto,178926.8246165176,Single,22866.799586381945,"282,021.96"
42,43,68,96157.8658185675,81843.9217357027,306,Auto,177351.22438305122,Single,43921.683584059356,"81,843.92"
43,44,24,90629.7135536503,95054.4245951592,254,Personal,66789.33699176938,Married,39154.45769079788,"95,054.42"
44,45,38,20383.322344140346,431583.88240169105,197,Auto,103966.88523167292,Married,13815.971092528425,"431,583.88"
45,46,26,7866.76878664138,473327.1537561482,257,Auto,197373.18982465315,Married,27148.080839457343,"473,327.15"
46,47,56,10977.022136365238,189788.1115584777,136,Personal,160102.18335424832,Married,11166.790545810578,"189,788.11"
47,48,35,2803.960739503423,139018.61320605912,279,Auto,29754.298714472967,Single,29235.60586412036,"139,018.61"
48,49,21,10349.853114836911,323779.7739033128,142,Personal,36410.80347058611,Single,36497.36046804272,"323,779.77"
49,50,42,68617.67056821933,207323.41469355772,248,Personal,106187.99094215823,Single,14740.104943926062,"207,323.41"
50,51,31,8047.67619756267,17566.24605187071,29,Home,184113.53602577304,Single,21555.397556366624,"17,566.25"
51,52,67,32578.587399082367,82295.53569626423,51,Home,119272.814641725,Married,25913.465020086278,"82,295.54"
52,53,26,84642.655785976,359406.25327946176,32,Auto,112117.1889060008,Married,46781.24098624199,"359,406.25"
53,54,43,3303.921637846761,331167.35124552494,236,Auto,43457.89749241035,Single,49730.20061691856,"331,167.35"
54,55,19,81632.37977630465,18412.516289224328,293,Personal,139936.51832675145,Single,11796.451959824633,"18,412.52"
55,56,37,28903.622702566594,114876.22015680997,19,Auto,168868.05310503946,Single,40440.31693981568,"114,876.22"
56,57,45,12698.31793454397,119382.02431109535,111,Personal,91573.5013138234,Single,24868.96265609373,"119,382.02"
57,58,64,69976.97937105091,337586.9080813706,251,Personal,160732.0739119323,Single,25698.327449179204,"337,586.91"
58,59,24,63265.34183120851,14756.716188410257,98,Auto,193783.41443264202,Single,40170.59893388091,"14,756.72"
59,60,61,87869.72933917824,56533.74808236405,309,Personal,60659.13034734559,Single,46737.05728581634,"56,533.75"
60,61,25,73772.03333658469,400958.46225972875,25,Home,116582.68545907973,Single,48037.143780101935,"400,958.46"
61,62,64,80544.61210810002,93379.60771689515,345,Auto,75249.14266480072,Single,33084.903441532835,"93,379.61"
62,63,52,28921.42268455934,328109.32338667795,13,Home,163749.5233309219,Married,24284.84637202011,"328,109.32"
63,64,31,18566.51483419256,122900.47661812963,304,Auto,126078.83902920256,Single,41501.96343435117,"122,900.48"
64,65,34,75310.86041244498,54223.489415875854,336,Personal,136051.92307130317,Married,20040.05533049201,"54,223.49"
65,66,53,80876.63918745914,125370.23454472977,52,Auto,164634.97793278148,Married,32562.96115334071,"125,370.23"
66,67,67,99060.00905806666,362522.1312685513,329,Home,94294.8327159296,Single,24343.138460994927,"362,522.13"
67,68,57,41849.15001423122,428569.75171261147,327,Personal,185140.76197123257,Single,36265.24294831505,"428,569.75"
68,69,21,37829.79049348553,415958.83296066086,122,Auto,118280.0517680745,Married,19615.956515740276,"415,958.83"
69,70,19,77864.88311345769,201605.84716113514,25,Auto,52642.0939961859,Married,17663.71782939303,"201,605.85"
70,71,23,34739.55048504876,335702.14260246983,242,Auto,146782.34567954042,Single,46729.563467017484,"335,702.14"
71,72,59,93144.97523475291,106467.22623083138,95,Home,163820.73632669452,Married,14072.147317981477,"106,467.23"
72,73,21,85982.86243245816,150108.12647920157,141,Home,80433.29348681716,Single,30238.316309397265,"150,108.13"
73,74,46,43470.408710126816,448686.2301679543,242,Auto,175006.36997478176,Single,18834.111318520358,"448,686.23"
74,75,35,75336.23571135824,11435.952137814336,337,Personal,183575.06958400912,Single,11557.198533026698,"11,435.95"
75,76,43,75699.74453438356,47326.7227729617,156,Personal,73458.28529111657,Married,11440.752731657056,"47,326.72"
76,77,61,11209.263014757329,107903.69629728352,356,Home,197116.25772516386,Married,17008.870884233093,"107,903.70"
77,78,51,90352.7377612771,18133.440917540756,39,Personal,49624.51740853272,Single,44670.81418024001,"18,133.44"
78,79,27,51019.98487233786,94810.54036944966,77,Home,60352.741970435745,Married,21299.14975908107,"94,810.54"
79,80,53,82819.28914466641,293605.57267999765,174,Auto,57239.346866654574,Married,48018.36682301183,"293,605.57"
80,81,31,32684.910502030565,213605.15254328647,240,Home,181448.19925137731,Married,33264.89171956774,"213,605.15"
81,82,48,89656.79962112385,446872.4969831025,272,Home,139501.19665686833,Married,27464.567590750645,"446,872.50"
82,83,65,39530.96619468215,409634.56306052825,175,Auto,51618.249563897756,Married,33203.553386778185,"409,634.56"
83,84,32,2072.927496549538,174199.5890904486,312,Personal,102056.59821446108,Married,30667.93540905071,"174,199.59"
84,85,25,90632.8156655071,133414.5995484898,314,Home,132677.15438721536,Married,40351.050150293006,"133,414.60"
85,86,31,10037.381001827222,192947.74204279712,298,Home,39606.214873142075,Single,21299.84263891409,"192,947.74"
86,87,40,32612.050121451073,297195.99654482986,21,Auto,179422.86447128427,Married,24122.015664012095,"297,196.00"
87,88,57,95056.1347380297,137691.50220732373,206,Personal,165630.61870226866,Married,45763.77210133003,"137,691.50"
88,89,38,95110.10754681805,313953.70938532136,129,Home,113411.1853759117,Married,47858.260526016216,"313,953.71"
89,90,33,57770.350924205326,207658.767834664,281,Auto,194247.15767035482,Married,45702.32909945898,"207,658.77"
90,91,62,63551.88400481013,278263.3545217302,91,Home,98108.17137314245,Married,26777.919758292544,"278,263.35"
91,92,35,45396.106675853654,220882.63192198175,104,Auto,197219.30583138712,Married,41214.62012027527,"220,882.63"
92,93,64,30027.86639810839,150760.55097324925,277,Personal,141885.99979063473,Married,29053.42933204395,"150,760.55"
93,94,41,33537.789991621685,474484.38694626756,343,Personal,136067.47281943978,Married,29901.594085844088,"474,484.39"
94,95,43,67579.3271516268,382984.8681090816,268,Personal,54042.10667676237,Single,18187.20436229136,"382,984.87"
95,96,42,75485.07841433032,74356.022004394,144,Personal,179337.3577033127,Married,33645.21213034066,"74,356.02"
96,97,62,79366.325328859,434891.6480694668,287,Home,99810.69538610765,Married,17445.435910133918,"434,891.65"
97,98,58,79172.19613666083,246278.44313350925,275,Home,53390.846011933885,Married,23262.58796268775,"246,278.44"
98,99,46,10029.404201820347,447803.35231257527,182,Personal,27206.315995757832,Married,44201.20806479741,"447,803.35"
99,100,32,49947.61016555557,400928.351693921,12,Personal,122957.24463671695,Single,18283.032368434207,"400,928.35"
100,101,62,6698.317241647784,215480.68471227057,324,Personal,117294.93387146835,Single,12846.331406937312,"215,480.68"
101,102,18,55403.35935004982,16122.307618458111,75,Home,150886.88391460275,Single,12760.303704512651,"16,122.31"
102,103,42,44711.51963596432,137995.2928955483,295,Personal,180795.15927811537,Single,47631.380820124316,"137,995.29"
103,104,24,88882.71409307167,273108.9362571291,132,Personal,38896.15231253017,Single,30276.817518473385,"273,108.94"
104,105,26,35740.58624265579,318571.7188139429,118,Personal,153011.8858095634,Single,26376.48287268073,"318,571.72"
105,106,41,12589.63462633298,132654.40428943513,186,Auto,57797.09021707689,Single,42435.14324031674,"132,654.40"
106,107,18,15156.17652323075,73981.25666604795,215,Personal,175180.9843025037,Single,43433.03711642064,"73,981.26"
107,108,61,76389.55254002975,418290.46721565304,176,Auto,168336.11492578982,Single,23287.641324624186,"418,290.47"
108,109,25,62203.588268309846,492279.0794482583,316,Auto,119638.90712247026,Single,37744.722298951805,"492,279.08"
109,110,41,11011.144936156234,265216.6402398295,131,Personal,149292.48975907953,Single,40844.91263407546,"265,216.64"
110,111,28,9326.573805384745,89981.24649491023,55,Auto,80011.26980715597,Single,36186.02747463818,"89,981.25"
111,112,68,70395.94401445288,139792.12662708762,323,Personal,107454.38231324256,Single,16063.802992003975,"139,792.13"
112,113,34,8203.537630055158,14103.384890996032,167,Home,168786.45709933253,Single,45035.323340682284,"14,103.38"
113,114,25,82364.14586974526,457577.909247447,218,Home,105371.40950531243,Single,31563.782109440348,"457,577.91"
114,115,52,70917.98048849312,63286.78603061986,119,Home,87614.69643195231,Single,21298.897054800145,"63,286.79"
115,116,52,9053.529283548076,290375.65537955554,262,Home,111487.17826880248,Married,27009.127417507756,"290,375.66"
116,117,50,9398.933694434,140657.33424016697,345,Auto,169943.61917651322,Single,11502.843615956295,"140,657.33"
117,118,22,98677.31827161637,279318.11124531773,141,Personal,83661.40828990273,Married,15114.672048896702,"279,318.11"
118,119,59,38052.80877985591,327453.0922341728,304,Personal,55408.278798755164,Single,40621.87002063444,"327,453.09"
119,120,56,37693.572559622204,415722.1928350648,31,Personal,149602.45355788665,Single,10000.465390214646,"415,722.19"
120,121,58,81467.15715849276,107178.52952149858,293,Home,169546.1872239143,Married,26662.633139291687,"107,178.53"
121,122,45,94777.60916100201,10442.935185947837,296,Home,42611.55874161833,Single,30900.40724342354,"10,442.94"
122,123,24,98614.10531846422,72758.3868840596,12,Personal,66977.96973229034,Married,12185.376800038892,"72,758.39"
123,124,26,75584.44034063522,450509.22771481203,130,Home,49845.098208173935,Married,48923.12651889332,"450,509.23"
124,125,25,38249.69896756066,437575.58839344507,46,Personal,85889.74702687917,Married,19045.013249986878,"437,575.59"
125,126,29,9266.570953168208,300719.4855743026,209,Personal,103811.42130844721,Single,22167.948785451234,"300,719.49"
126,127,51,77937.54467681624,302255.84591465845,256,Personal,156044.60896857863,Single,22157.700490201096,"302,255.85"
127,128,50,56282.0207238447,334193.1539003965,70,Personal,138950.82735429297,Single,19216.666484693997,"334,193.15"
128,129,65,42997.97891545065,91808.78291860754,336,Personal,133662.49930872547,Married,10058.952883452457,"91,808.78"
129,130,40,90729.08412437886,457633.9132328551,172,Personal,86665.61565668952,Married,39173.791763519854,"457,633.91"
130,131,41,12008.550748308982,212291.4098215762,190,Personal,172253.321789833,Single,48673.81999197142,"212,291.41"
131,132,54,49769.885324795054,194653.57148350123,217,Home,107475.2542946788,Single,18971.739331401805,"194,653.57"
132,133,52,2124.0108319744877,261864.26411500457,23,Personal,196343.36415265204,Single,36521.8876721369,"261,864.26"
133,134,61,47397.4035574185,28248.153553652246,287,Personal,135974.87420175393,Single,39675.853078348606,"28,248.15"
134,135,57,6574.024292501897,87310.26753425931,192,Home,47096.32977378798,Single,43937.01516362099,"87,310.27"
135,136,39,12762.97371053912,370326.64013105334,253,Home,143331.07336320094,Married,26905.167880544366,"370,326.64"
136,137,44,126350.98430933384,459853.40622937604,227,Home,81893.20270054732,Married,22117.23622561717,"459,853.41"
137,138,52,65271.819909490296,303560.2941858622,262,Personal,145107.25942006707,Married,23011.805360921244,"303,560.29"
138,139,18,74858.4430472769,126447.80929225388,310,Auto,37187.20092842101,Single,38504.853323940515,"126,447.81"
139,140,52,58753.5077446188,197701.32895077838,137,Auto,55604.2515057929,Married,42671.17866022544,"197,701.33"
140,141,54,962550.8229897964,1479033.9970149645,228,Home,174754.0203085126,Married,17264.558710264108,"1,479,034.00"
141,142,64,38112.1873728467,181057.99465014983,317,Auto,64756.42247911511,Married,24837.640326310608,"181,057.99"
142,143,31,29285.496541904213,360927.7230662015,296,Home,171482.19691751452,Married,46077.607869966,"360,927.72"
143,144,20,86991.31369075656,152075.24923347164,196,Personal,73873.31547952183,Married,42267.740787789575,"152,075.25"
144,145,18,23135.988013425813,285370.2969469641,50,Auto,137504.33426027384,Single,49394.33611049903,"285,370.30"
145,146,22,96359.03140462052,240644.94908855433,234,Personal,146476.35036422045,Married,40169.93038728323,"240,644.95"
146,147,43,2203.292994291818,333517.22685451084,195,Auto,114714.58180038426,Single,25727.808041116892,"333,517.23"
147,148,31,97018.00384405626,468730.72096575523,189,Personal,78429.36842192797,Single,33625.51335978551,"468,730.72"
148,149,56,5272.831283107035,367623.1881190739,305,Auto,62212.76586494182,Single,36440.57016989282,"367,623.19"
149,150,44,89223.16825610904,111395.4874024246,351,Personal,30808.13704842459,Single,13138.232652684957,"111,395.49"
150,151,26,53242.40979954368,20435.651855335913,162,Personal,78190.62021712666,Single,31779.878364154603,"20,435.65"
151,152,32,99303.51481581073,134820.70192841341,137,Auto,139303.4883429745,Married,38372.83313890438,"134,820.70"
152,153,32,8305.859908804487,299563.57569662615,312,Personal,189203.34322848447,Married,16692.852160042414,"299,563.58"
153,154,43,55831.574155730756,30455.777674703924,319,Personal,177460.7843960341,Single,41225.268697022286,"30,455.78"
154,155,59,96960.9510262908,250701.292364612,347,Personal,159061.33589367796,Single,33350.91122056446,"250,701.29"
155,156,30,52786.68657284473,300437.21021386015,245,Auto,162978.28506932728,Single,48088.87142790379,"300,437.21"
156,157,68,63310.46517539099,170450.7259543956,19,Auto,141372.35810829917,Married,11696.891928275669,"170,450.73"
157,158,49,69879.1202094771,386601.54085418186,352,Personal,70550.20007405052,Single,20613.04550221868,"386,601.54"
158,159,56,45999.56541200955,57766.135301217044,140,Personal,183759.13037352022,Married,34062.15517199296,"57,766.14"
159,160,66,63128.24992832228,42193.201959225335,275,Auto,142378.15458352095,Single,21862.396488237227,"42,193.20"
160,161,69,58847.11688038692,365453.43432078365,168,Auto,123077.11042157699,Married,38576.96656284969,"365,453.43"
161,162,49,902146.4303860791,2502682.015220682,16,Personal,44423.157112359186,Single,40360.21130087724,"2,502,682.02"
162,163,21,5499.191653804329,345759.18623172934,97,Personal,103234.72016612445,Married,14100.638562658978,"345,759.19"
163,164,47,28815.3557696308,220239.53260885438,186,Personal,105562.6974603371,Single,30554.17856827071,"220,239.53"
164,165,54,95090.73692357932,126969.00645335787,301,Home,176298.63166646723,Married,30355.622223642236,"126,969.01"
165,166,40,89136.11460520071,410455.64724872884,204,Auto,120663.43853286299,Married,24771.230808621644,"410,455.65"
166,167,56,46110.01852578558,400710.86008964473,322,Home,91570.0960698217,Married,47316.99450278688,"400,710.86"
167,168,62,62393.12718235214,348874.75307294127,130,Auto,195940.0574893654,Married,43100.25279492885,"348,874.75"
168,169,32,28460.737115132135,139711.84292883152,229,Auto,44376.10383210525,Married,37888.37527638547,"139,711.84"
169,170,60,19623.99481265237,297164.18010019814,125,Auto,98945.9749545903,Married,38573.0654293999,"297,164.18"
170,171,46,46906.14208905823,183682.07898531327,156,Auto,32354.318154995926,Married,28468.645752524764,"183,682.08"
171,172,53,35981.87057457923,50333.126296683906,37,Auto,154483.2211342128,Single,46839.78084386304,"50,333.13"
172,173,30,58781.955073236335,459070.2198538102,147,Auto,185663.39663485135,Single,37783.817090131415,"459,070.22"
173,174,49,8695.7290595335,72725.2223048859,314,Auto,74006.53267133565,Single,39159.24246623266,"72,725.22"
174,175,24,97465.08595895048,475367.4901412972,243,Home,175209.79343984617,Single,44467.63615149381,"475,367.49"
175,176,68,98634.86370348069,225772.85761418808,87,Personal,76138.19033083212,Single,20962.86357368764,"225,772.86"
176,177,39,70118.00968795476,96640.79977511673,339,Personal,184384.77828768516,Married,42282.83615466812,"96,640.80"
177,178,45,54073.54026806792,273240.9689522873,356,Home,156943.3331294372,Married,17809.624118259682,"273,240.97"
178,179,19,31643.234012346446,437108.1887588221,313,Home,165858.68594725177,Married,23813.678089795514,"437,108.19"
179,180,59,81565.70695098792,367451.3187727328,300,Home,28151.147230079536,Married,23424.41817079371,"367,451.32"
180,181,62,68788.38608283405,404247.7681914176,12,Home,193491.81248795454,Married,49141.01873556562,"404,247.77"
181,182,23,17099.076995144238,331097.7665218051,158,Auto,152167.42361230656,Single,44261.488949917075,"331,097.77"
182,183,45,91181.7912648904,347676.89943633694,298,Personal,78331.44169257334,Single,38046.79446361039,"347,676.90"
183,184,45,82431.18704939373,425351.84752483305,153,Auto,170144.0663502982,Single,39082.270464615605,"425,351.85"
184,185,61,95030.19141590048,128585.66438529704,64,Personal,74266.20972261275,Single,32482.911776102843,"128,585.66"
185,186,61,72846.23133044764,247265.35700335453,315,Personal,177731.9219240724,Married,47883.626684340765,"247,265.36"
186,187,37,61728.1043976432,114498.6737007031,80,Home,44701.56832208898,Married,29850.350115294463,"114,498.67"
187,188,47,42406.06059277127,493895.66395834024,101,Auto,148145.04605563925,Married,25220.70839479578,"493,895.66"
188,189,28,93340.11985204731,472309.3731448736,231,Home,119622.2334128593,Single,16521.41347726364,"472,309.37"
189,190,45,86740.32506054043,24516.27162741042,203,Auto,41893.53228420214,Married,41448.22609044232,"24,516.27"
190,191,42,5476.648340512751,354259.7103952658,74,Personal,67331.41994529683,Single,39377.75728302366,"354,259.71"
191,192,56,3610.3304752279487,462997.9171207546,84,Home,27170.70634853009,Married,25374.201540965398,"462,997.92"
192,193,50,38269.87332092691,94384.7958380301,172,Home,107034.39395628852,Married,11007.736558369175,"94,384.80"
193,194,18,81244.77974740145,286132.8891235516,180,Personal,77721.42063300006,Single,43559.893108720426,"286,132.89"
194,195,44,98740.3368021795,458166.70730608073,100,Personal,129712.55975210779,Married,10456.719338162946,"458,166.71"
195,196,69,15891.27221924929,21803.259399970426,187,Personal,77016.616349008,Married,38147.99118516204,"21,803.26"
196,197,30,59818.940819861375,350223.0322871858,280,Home,77485.84451372232,Single,48810.28438904228,"350,223.03"
197,198,58,38708.19480647113,152187.75864941263,84,Auto,155058.8097780306,Married,27506.45312592814,"152,187.76"
198,199,20,97021.52538364571,462576.1167113825,256,Home,33424.99629621185,Single,19398.93619983811,"462,576.12"
199,200,56,84369.77339043516,485673.83135685703,88,Auto,183006.62415859776,Married,38194.84040173527,"485,673.83"
200,201,23,83994.54176640265,472411.9121111498,170,Home,174146.17801845676,Married,42685.1256806234,"472,411.91"
201,202,25,47400.62281970206,239736.03724544458,335,Home,141865.81956462114,Married,31857.212643113893,"239,736.04"
202,203,44,42067.13073142885,431711.1122397102,109,Personal,128813.77476879225,Married,48681.41101024585,"431,711.11"
203,204,26,28067.300121139917,423051.9522748598,113,Auto,181152.93717443914,Married,12066.748866318445,"423,051.95"
204,205,54,6581.174168441785,162954.73425541155,143,Home,57432.781417525024,Married,30191.823932181127,"162,954.73"
205,206,50,86607.51524925027,415313.15970458527,113,Home,38819.603383395006,Married,38738.157892902,"415,313.16"
206,207,68,81477.19990387768,23318.77918416885,30,Personal,66914.27973416916,Married,44505.61884596716,"23,318.78"
207,208,59,99972.04965532693,300153.5898486163,93,Personal,164051.1987725333,Single,17170.224476311603,"300,153.59"
208,209,61,99667.04687031663,118854.37445741301,290,Auto,31067.296677134582,Single,42000.13927054725,"118,854.37"
209,210,41,55987.738854660114,64680.60845975301,350,Home,126991.19613961068,Married,32108.28302874181,"64,680.61"
210,211,32,77129.75410287055,43091.83480645853,342,Auto,199201.56533347923,Married,25862.14727959853,"43,091.83"
211,212,49,94531.80725836038,349662.94405967917,140,Home,174746.8164215694,Single,15268.601143163742,"349,662.94"
212,213,49,85115.09167706374,173238.10706519274,355,Auto,116252.99558262815,Married,44611.8303563565,"173,238.11"
213,214,41,25487.462072576567,363759.5519067369,321,Personal,36137.15912516241,Married,16290.928327188614,"363,759.55"
214,215,58,45603.86939569926,37351.388695476475,100,Home,170490.36501749922,Single,22391.51436836397,"37,351.39"
215,216,69,13786.782099998003,161068.7172261521,224,Auto,129821.23893101185,Married,21601.821278497475,"161,068.72"
216,217,66,95451.05169861352,272048.1897257919,154,Personal,45113.2744854242,Married,44856.561367634175,"272,048.19"
217,218,66,61011.288810637125,396407.96659528697,76,Personal,41425.02484408734,Single,36908.11976835592,"396,407.97"
218,219,69,23635.63774484281,162782.4889513746,87,Auto,184184.69340140367,Married,41867.255887654894,"162,782.49"
219,220,29,67498.36775617981,314816.2313363195,210,Home,142110.04601416373,Married,20018.71595169996,"314,816.23"
220,221,56,62194.695805331685,443558.98537691263,154,Home,170125.1898804322,Single,34994.96398427995,"443,558.99"
221,222,19,36458.109085251206,309852.2781502408,327,Personal,178821.3075493968,Married,32869.83932574995,"309,852.28"
222,223,20,12242.201627763274,120314.94000304872,104,Home,125060.16160845639,Single,43313.215071530845,"120,314.94"
223,224,66,67485.74636368715,17078.38687048632,316,Home,115553.11155713223,Married,46243.482419250424,"17,078.39"
224,225,54,52510.462389475535,435698.9425809603,235,Home,100324.79680617328,Married,10486.270859095472,"435,698.94"
225,226,66,774595.207818283,155283.58370941633,302,Personal,80465.65286344587,Single,36960.7967623517,"155,283.58"
226,227,34,52496.186610087345,437977.3279786787,113,Auto,101054.29315027456,Single,12073.43196478916,"437,977.33"
227,228,66,85365.96853153547,266823.88134346996,278,Home,160428.93975277737,Married,31954.346603094236,"266,823.88"
228,229,19,55638.77703867407,469838.5107638836,121,Personal,130336.60042764802,Single,21505.30916174713,"469,838.51"
229,230,19,56532.85918200324,400397.70170796436,341,Personal,181191.57574209807,Single,22271.06398088565,"400,397.70"
230,231,45,87788.70666317616,498977.384714002,276,Auto,102591.50251635785,Married,24118.340138094263,"498,977.38"
231,232,40,40944.80375502731,178602.34864859653,14,Home,131240.67627578194,Married,34851.697961984406,"178,602.35"
232,233,54,14267.507616613433,384758.2030209078,96,Home,135478.82179109805,Married,23361.99862675077,"384,758.20"
233,234,49,3849.484955020558,203955.80223657488,293,Auto,128547.00340360697,Single,39307.96202361122,"203,955.80"
234,235,50,75758.58831168828,242538.43205043487,339,Auto,147960.91028996534,Single,26181.095422954786,"242,538.43"
235,236,18,62410.645583993,315615.2042930932,315,Personal,66550.8569655911,Single,12734.128012398345,"315,615.20"
236,237,36,70703.89704182313,437470.1715222377,128,Personal,114663.66107051336,Single,41350.393699364286,"437,470.17"
237,238,19,22083.451989382163,492121.3172536511,232,Auto,43239.34049146084,Married,21430.332983708242,"492,121.32"
238,239,61,14500.776083090206,385295.3398629365,165,Home,92289.4823378422,Single,27310.675183970507,"385,295.34"
239,240,43,2439.921901120311,211794.55717283022,164,Personal,110341.73700872128,Married,37417.75532887606,"211,794.56"
240,241,49,35708.1683218531,213571.71612714973,23,Personal,139139.24542045768,Single,23298.24628594848,"213,571.72"
241,242,23,59401.85099860867,370103.2392865013,144,Home,191342.9342025856,Married,12263.426245868624,"370,103.24"
242,243,49,39832.1604648735,123194.68715530966,315,Personal,130113.93664596228,Married,24956.841880512544,"123,194.69"
243,244,21,44310.01728034918,59684.686000040354,304,Home,155128.93533089798,Married,47777.94330777214,"59,684.69"
244,245,28,90511.71075488109,180537.96803218438,311,Home,113596.56041166048,Single,35669.37589194233,"180,537.97"
245,246,34,35477.29123530674,147183.30086877046,239,Home,135968.20549085797,Married,36859.16594668828,"147,183.30"
246,247,55,51884.95942682127,151672.5196257151,282,Auto,37413.13782341035,Married,35291.2861455056,"151,672.52"
247,248,41,78581.64826137316,120635.83676970542,54,Auto,69518.52664732322,Single,17959.68555837747,"120,635.84"
248,249,22,40257.73544980575,25836.12886999913,354,Auto,88324.29131089928,Married,26733.354564091205,"25,836.13"
249,250,69,62586.583322559476,13847.597693039836,337,Home,107686.33712613987,Single,40037.59193453273,"13,847.60"
250,251,51,86374.00716592777,493922.58291933563,313,Home,32988.53046291715,Single,14054.915902126366,"493,922.58"
251,252,23,95002.54174210656,216747.70119925187,32,Auto,49504.21707183059,Married,21114.11104358849,"216,747.70"
252,253,39,15560.274611974755,195241.69034404244,118,Personal,73442.50386347852,Married,21052.764338634144,"195,241.69"
253,254,28,92732.17489098794,341425.4049330696,347,Home,195018.22090768386,Single,27280.75710378024,"341,425.40"
254,255,65,49719.51301487428,113035.67449320677,314,Personal,82985.72624303389,Married,49214.749637687404,"113,035.67"
255,256,33,26566.194441596876,475230.78605536156,128,Personal,109357.18516961444,Single,12700.101867352878,"475,230.79"
256,257,50,46454.43986758787,394240.78213569825,135,Home,59317.09972921877,Single,30748.039775223802,"394,240.78"
257,258,26,98023.22495326222,49258.44614456846,292,Home,131886.51243825944,Single,17174.58728048842,"49,258.45"
258,259,23,49769.19130529409,211702.48401353954,303,Personal,74119.5627152955,Married,48827.06181638977,"211,702.48"
259,260,33,33546.409418463314,440163.5622432715,214,Personal,61223.70122672468,Single,14532.140189098569,"440,163.56"
260,261,46,63706.68457735585,472642.3510342481,62,Auto,115400.20997804633,Married,26144.04009446365,"472,642.35"
261,262,20,24774.416259041114,236363.74806868553,282,Auto,25963.514853073644,Married,39515.39939338424,"236,363.75"
262,263,37,8510.469482757728,308638.6376593003,335,Home,26341.205713614432,Married,38182.17712109781,"308,638.64"
263,264,53,13759.092469154273,87681.80331557724,288,Auto,63337.04159282511,Married,26909.14547575729,"87,681.80"
264,265,36,13676.538056819472,495628.4699378034,152,Auto,31426.2384376437,Single,23860.966718108728,"495,628.47"
265,266,43,16038.36665771714,119677.49218480448,286,Auto,43904.50697287099,Married,25904.49514211482,"119,677.49"
266,267,20,14743.890092291604,471652.2281968872,301,Auto,84300.61363428153,Single,20571.05052634557,"471,652.23"
267,268,36,64446.59973551825,326575.09125122236,345,Personal,165452.49392646726,Single,18213.317548271993,"326,575.09"
268,269,37,19006.12835551534,305829.71346503525,63,Home,125108.51258962764,Married,29321.5879023556,"305,829.71"
269,270,49,35221.06104906246,258780.81295317176,38,Auto,114716.85204237288,Single,20741.35024270429,"258,780.81"
270,271,24,89782.05258069518,119181.55680029055,168,Personal,76360.54406142129,Single,21498.466595890004,"119,181.56"
271,272,69,479222.0238602436,923813.7584272658,250,Personal,188056.90090074285,Married,36270.24253898228,"923,813.76"
272,273,58,67088.21611358169,114140.6734897368,167,Personal,94477.63221650854,Single,48741.49326799569,"114,140.67"
273,274,50,18059.667248961356,97286.93976140599,302,Auto,40241.23418926001,Single,34145.48802237501,"97,286.94"
274,275,57,20036.612862058406,390894.3144155429,147,Auto,132986.6403206152,Single,13079.178682598651,"390,894.31"
275,276,56,5045.993010381408,178312.0032875314,155,Home,44921.71885840525,Single,13023.344554162679,"178,312.00"
276,277,35,17724.571244144292,33632.1248988812,117,Auto,85414.04999029612,Married,48056.92883382264,"33,632.12"
277,278,57,28580.443564163903,484705.8019197016,169,Auto,113797.08927561656,Single,21891.631612293346,"484,705.80"
278,279,18,18524.037943397936,442474.0130568957,157,Personal,177988.94181990577,Single,13682.679443299017,"442,474.01"
279,280,28,9781.550841948505,464237.38018163043,13,Home,111370.65155952076,Single,33961.783486015265,"464,237.38"
280,281,45,12942.95123895948,497479.37220998545,88,Auto,147895.28405554124,Single,34945.951131610644,"497,479.37"
281,282,42,46617.098035239855,91078.1483636462,143,Auto,198742.9468248373,Married,35940.19280474752,"91,078.15"
282,283,67,21427.038122173457,201139.79935681607,101,Personal,48010.595982146784,Single,20696.081114301654,"201,139.80"
283,284,40,37062.71624375947,380328.0454735252,356,Personal,73078.01696591591,Married,10604.427368579001,"380,328.05"
284,285,48,50838.30981463083,349530.2059366272,274,Auto,94050.81322958812,Single,48600.614778178875,"349,530.21"
285,286,47,69349.08803430716,81178.47363822826,119,Home,98819.93124429548,Married,20035.721827644098,"81,178.47"
286,287,59,4891.901844268795,408837.3968703558,85,Home,96928.68817147051,Married,37041.0515221019,"408,837.40"
287,288,52,80141.62949199522,116098.08305914703,50,Personal,183831.9254473971,Married,38265.19479514838,"116,098.08"
288,289,24,63162.138559599865,115789.71933719842,170,Personal,149955.7127816999,Married,34400.29668317943,"115,789.72"
289,290,33,9094.144162938319,270802.3393322397,82,Auto,131383.41246587317,Married,22516.295768545926,"270,802.34"
290,291,43,87484.28378657094,298505.26774664305,323,Personal,79140.22562598687,Single,20843.85015056263,"298,505.27"
291,292,65,92166.36765264951,292142.67287971656,252,Auto,169163.31723872657,Single,33906.73130810812,"292,142.67"
292,293,69,7046.718025631511,50285.98451188866,309,Home,192135.58950987307,Single,44643.82534446766,"50,285.98"
293,294,66,28410.887166573168,439343.1270020383,47,Home,168709.69944628965,Married,47869.34915693582,"439,343.13"
294,295,19,80813.92669951307,136472.0210814095,95,Auto,25273.89340850776,Single,14236.232176150304,"136,472.02"
295,296,18,75077.70934798218,69109.88603498807,274,Personal,136370.23978209624,Married,16193.144503908794,"69,109.89"
296,297,65,192675.80916281356,4449302.9953514375,321,Home,33948.691752367624,Married,47789.45035132318,"4,449,303.00"
297,298,29,21725.58301033432,478047.4916237279,183,Personal,70081.26355840132,Single,39461.4091333917,"478,047.49"
298,299,22,37676.738176346815,431753.17054639803,184,Home,35416.82256086005,Single,45319.75299319092,"431,753.17"
299,300,54,48967.77553391111,405710.45698881464,58,Auto,130664.20426614286,Married,18105.305365413726,"405,710.46"
300,301,49,62207.2223814993,329344.78041631577,152,Auto,145153.2348612062,Married,33503.434844376075,"329,344.78"
301,302,26,37522.45031740747,277674.398451524,129,Auto,45035.336661533394,Single,38045.58377669894,"277,674.40"
302,303,58,46790.936897181644,48058.44615614802,288,Home,92171.8045328714,Single,37204.4754178789,"48,058.45"
303,304,52,74999.6228752419,207184.34046999586,225,Personal,104841.38906721985,Single,26326.067634667925,"207,184.34"
304,305,36,4631.637086169192,189480.81592109543,231,Personal,89584.2788081604,Single,10615.795667652339,"189,480.82"
305,306,65,25991.257490058055,133578.12296136149,37,Personal,46179.37508490878,Married,33317.042272170525,"133,578.12"
306,307,33,71621.6090025707,363092.95627584954,20,Home,98315.86328280819,Single,20124.061567184348,"363,092.96"
307,308,20,89625.47693103274,250458.48886399154,282,Home,156456.15836647316,Single,28010.169845715613,"250,458.49"
308,309,37,51656.06676945095,45117.87687428573,21,Home,37426.34129331971,Single,48303.24060335269,"45,117.88"
309,310,41,53679.23504126625,113990.68496515662,132,Home,39031.502464333105,Married,25961.41270569739,"113,990.68"
310,311,50,11610.029122637829,343213.08801149996,136,Home,87084.97607129723,Married,43592.06426657707,"343,213.09"
311,312,41,45293.82431552201,42684.775447698594,181,Personal,189801.99953331187,Married,17541.624229970046,"42,684.78"
312,313,69,53729.109379047295,426347.4224541405,83,Home,142000.21317650995,Married,36898.41992100116,"426,347.42"
313,314,28,25004.579859838235,250097.5308719173,163,Home,143767.24241769884,Single,49080.27817755774,"250,097.53"
314,315,66,27655.079863988714,242890.35577669076,219,Personal,88335.99839662637,Married,14075.724034917472,"242,890.36"
315,316,25,38351.13214735764,298241.8534064612,60,Home,128890.63846149422,Single,10332.79768908768,"298,241.85"
316,317,53,2987.04857999491,413217.07813294884,165,Personal,26772.95720485509,Single,27343.311705304575,"413,217.08"
317,318,55,32885.837392734655,177165.55791158555,358,Personal,136316.8081216699,Single,13705.019322054688,"177,165.56"
318,319,57,21933.35269265792,340617.99551673647,304,Auto,184825.21582584144,Single,39935.37398704926,"340,618.00"
319,320,37,33422.237865613555,285037.3221779166,79,Auto,132200.35696034337,Married,46581.946553942355,"285,037.32"
320,321,52,12856.45105010587,137178.99373386355,61,Auto,177897.2538566104,Married,27360.838908350353,"137,178.99"
321,322,65,89162.2007932496,439921.8432458032,163,Auto,151695.28470656642,Married,20348.465686217638,"439,921.84"
322,323,42,59765.652901850815,399725.8806954294,30,Home,46097.7228706458,Single,27376.13276026439,"399,725.88"
323,324,52,68231.12959530448,330933.6581559206,111,Auto,182929.3287750223,Single,38937.91271400004,"330,933.66"
324,325,42,79127.9526221265,426037.9559016497,71,Personal,36627.672762260605,Single,10362.166463214839,"426,037.96"
325,326,46,50345.77769397667,434310.6294751022,178,Home,118444.30769585866,Single,33578.15957938789,"434,310.63"
326,327,35,9605.108520654945,355639.6734739422,213,Auto,49873.99666385509,Single,34531.66739549516,"355,639.67"
327,328,63,54173.54764003623,419321.5975400177,356,Personal,27048.65687790821,Married,35507.52987583742,"419,321.60"
328,329,35,59097.270684067036,350248.3735262954,157,Home,98855.99552233683,Single,19680.88319923509,"350,248.37"
329,330,19,74798.50794424867,341669.6820213487,175,Home,76632.12383947734,Married,38562.10893512507,"341,669.68"
330,331,52,43734.29507673826,311212.63221651624,253,Auto,110050.08641458052,Single,13655.659453271055,"311,212.63"
331,332,33,13630.449976760812,377594.7365810324,80,Home,126009.9801785464,Single,17970.813458672033,"377,594.74"
332,333,58,29093.81467407372,83509.52712007148,186,Personal,32654.33765406579,Married,45098.801866179274,"83,509.53"
333,334,53,36945.14734346487,441031.0258034696,60,Home,46525.576646655485,Married,39548.926029062655,"441,031.03"
334,335,50,64945.80689182852,436562.5462338898,119,Personal,122762.41937882443,Single,10549.82216045381,"436,562.55"
335,336,21,57507.05216222227,19477.40510210678,237,Home,85054.28680521519,Single,19935.050414792007,"19,477.41"
336,337,50,36253.57586388678,413779.2915295575,172,Auto,152605.36032115342,Single,18576.25931972658,"413,779.29"
337,338,31,98665.009630505,68790.58439935537,130,Personal,139151.03850358946,Single,20832.253121478905,"68,790.58"
338,339,38,60971.707116331825,170883.83285827524,160,Home,172980.7635232337,Married,19902.39081119546,"170,883.83"
339,340,65,24485.452381863455,373036.5868643458,161,Home,146186.24466711443,Single,12501.05182971383,"373,036.59"
340,341,37,11076.46478941997,84576.14854391257,304,Home,100237.93854327593,Married,28357.620663872814,"84,576.15"
341,342,25,16133.05477924887,409893.67693893577,154,Personal,142769.15891902568,Single,39309.33899144661,"409,893.68"
342,343,24,25349.815110066305,416906.41808908223,171,Personal,73191.70549469824,Married,34269.268988697455,"416,906.42"
343,344,20,16907.45595269601,256196.5282116139,22,Personal,78604.86228618721,Married,36914.866743923194,"256,196.53"
344,345,34,19470.13538107927,8161.006499832622,149,Auto,163072.40298613883,Single,13245.967141449566,"8,161.01"
345,346,50,29224.421700690862,147083.8759215818,89,Auto,103123.41537027688,Married,48059.62840707149,"147,083.88"
346,347,65,18163.985934180728,310378.8245959924,88,Personal,164716.5595907117,Single,43539.673353720995,"310,378.82"
347,348,29,89779.7770380161,490687.1581235746,265,Home,168923.9153919487,Married,42203.61273982651,"490,687.16"
348,349,68,8943.140820502578,317747.69587325084,269,Auto,175073.40909072466,Single,42919.3522016707,"317,747.70"
349,350,39,52926.62756745521,133602.77262675908,331,Personal,185411.16627221127,Married,47308.42032531046,"133,602.77"
350,351,39,41629.28587197649,318832.8230343076,302,Home,100422.41358982684,Single,31770.158644547908,"318,832.82"
351,352,63,98255.48307395204,272292.76295934845,274,Auto,80801.6932061993,Single,18011.280714705037,"272,292.76"
352,353,47,12091.851314637182,391023.47059981606,96,Home,126884.78065396992,Married,34671.34431410165,"391,023.47"
353,354,55,40387.70430552842,57955.41621934441,157,Home,89955.17410158482,Married,39715.25974671756,"57,955.42"
354,355,55,96977.57289426152,381708.81173850386,334,Home,130187.97919004077,Married,39516.69573416101,"381,708.81"
355,356,62,86685.20546350404,272926.9564446746,53,Home,148477.5259626693,Married,30857.960966675204,"272,926.96"
356,357,68,81890.13502397871,481681.04191020236,136,Auto,145470.87823612394,Single,12738.348773343121,"481,681.04"
357,358,25,26532.379877449042,174226.72218914962,178,Auto,90546.75522852123,Married,24844.517537205113,"174,226.72"
358,359,44,17917.871151616517,318147.8371013043,252,Auto,54200.53529728174,Single,46830.66433853429,"318,147.84"
359,360,44,67195.67877251867,466353.91222745867,291,Personal,100342.63423088632,Married,33377.95639029704,"466,353.91"
360,361,51,93008.222923631,55742.31535538623,199,Auto,49953.97521433403,Single,31533.277730228536,"55,742.32"
361,362,38,56119.526408379046,468928.1011820433,313,Home,180766.98115716645,Single,20754.14057528774,"468,928.10"
362,363,47,57589.65625752009,345503.4325389026,30,Auto,85528.55562912504,Single,24737.95679666316,"345,503.43"
363,364,50,28717.930272368132,38579.34425706009,79,Home,52030.455764081664,Single,45813.84356612677,"38,579.34"
364,365,45,77179.80038600175,153976.96563867404,229,Personal,29453.357983506405,Married,36658.52190107343,"153,976.97"
365,366,64,19517.331107194812,355545.1838794144,113,Home,138018.91760013474,Married,41495.481070093316,"355,545.18"
366,367,50,33044.24440402012,38338.54772704199,53,Home,136457.90555458007,Single,28173.816922706206,"38,338.55"
367,368,22,43118.20742302526,293174.3777872553,299,Home,84605.72915172603,Married,35209.88877824631,"293,174.38"
368,369,65,51253.427489761045,176212.11319171358,178,Personal,37549.58054833893,Married,19935.3443497283,"176,212.11"
369,370,36,24998.563509092943,312353.1812949012,120,Auto,96685.0566066656,Single,38218.43321133945,"312,353.18"
370,371,21,12368.84564918115,27642.30673719386,47,Auto,79463.06163609387,Married,27104.053348133493,"27,642.31"
371,372,52,61451.38420172163,436410.71904542623,243,Personal,143496.11195362662,Married,27701.820592589822,"436,410.72"
372,373,66,29574.42477078532,486877.03974281147,240,Home,131011.36865422082,Married,35972.89298307527,"486,877.04"
373,374,34,58542.58392083862,484594.5383664173,175,Auto,88803.90243456949,Single,47451.224858757065,"484,594.54"
374,375,61,16281.908812146028,376077.65671274776,84,Personal,63131.19699462327,Married,12560.253864344837,"376,077.66"
375,376,45,48632.87008362693,69392.68886466282,147,Auto,197906.29407722858,Single,42989.7294938803,"69,392.69"
376,377,47,53726.353822607,380340.2819848662,81,Personal,104450.28370932011,Married,21695.324416487725,"380,340.28"
377,378,46,6130.530145420264,17170.523647106747,207,Home,145447.9912615415,Married,27756.778180255114,"17,170.52"
378,379,63,34323.82354119814,15951.15800685364,280,Auto,49596.769326213136,Married,10876.533151000358,"15,951.16"
379,380,23,14307.05301695845,165187.0584790229,60,Personal,109978.19744039461,Single,22041.84311337252,"165,187.06"
380,381,52,7274.122076804007,246878.37925030955,327,Auto,29818.92597715646,Single,30105.24970520522,"246,878.38"
381,382,58,99006.06300660459,386351.67181485763,141,Auto,113454.64563432874,Married,12247.04309389756,"386,351.67"
382,383,54,32913.030652497575,343231.2114202201,16,Auto,193703.0462455979,Single,29643.829175326606,"343,231.21"
383,384,41,81177.57013960886,225721.83965649043,38,Auto,92236.17477251503,Married,47084.42515433709,"225,721.84"
384,385,46,26209.42482161262,140445.1998094246,171,Personal,31824.302200609527,Single,14215.728724312208,"140,445.20"
385,386,66,68468.769500169,498576.627578067,160,Home,30417.263410885116,Single,40577.629123020175,"498,576.63"
386,387,63,76262.55812907897,215959.7446068066,275,Personal,92897.68299070216,Married,26386.842135039704,"215,959.74"
387,388,48,59968.23532017658,228436.57704318938,241,Personal,53004.36388105896,Married,36206.94858097352,"228,436.58"
388,389,52,47686.04266646568,85993.79148987624,211,Personal,29086.616857432535,Married,20409.463919409172,"85,993.79"
389,390,50,41772.25050057958,398430.726631215,61,Home,157337.38244128093,Married,16379.690501654331,"398,430.73"
390,391,69,355379.58387756534,3483727.017618369,78,Auto,105241.52655433086,Single,16418.504570849058,"3,483,727.02"
391,392,38,93023.38528053476,114280.95833043639,311,Auto,75617.83509521454,Single,12819.677825725787,"114,280.96"
392,393,49,83231.32137098518,45778.61757984213,69,Auto,182514.55702788412,Single,17425.86819604972,"45,778.62"
393,394,40,96537.66415598475,341847.154526983,270,Home,45324.31803509199,Married,36568.775399558726,"341,847.15"
394,395,50,13305.425125068929,328983.0510691619,353,Auto,192285.79506718085,Married,45267.624473740325,"328,983.05"
395,396,20,73355.88004516078,140263.46586411362,337,Home,79944.17554103673,Single,42565.027423646476,"140,263.47"
396,397,35,93895.70522528274,475677.46331395314,141,Auto,180470.6426540192,Married,37405.372394979364,"475,677.46"
397,398,42,18942.073550400353,79773.65643154562,226,Auto,130515.00338390577,Single,14417.274536444107,"79,773.66"
398,399,59,7583.130469310972,219005.72651608795,183,Personal,169673.7879547603,Single,21567.497851837994,"219,005.73"
399,400,48,74370.94427971584,472089.8804829614,269,Home,197202.30356183124,Single,22392.27501289876,"472,089.88"
400,401,20,57872.838204811276,212765.02187843053,113,Personal,75470.9516182805,Single,19998.27785590485,"212,765.02"
401,402,57,84341.04889906893,321070.34409372235,220,Personal,193198.70994632877,Single,30600.226388388925,"321,070.34"
402,403,63,14837.46528600266,201809.22699158316,302,Personal,93159.33160792357,Married,31422.152595186904,"201,809.23"
403,404,41,79731.46387412913,140736.52516259166,297,Home,92464.58332896141,Married,24275.439006844408,"140,736.53"
404,405,67,20961.10468472671,492068.93574011495,127,Home,84567.74324453849,Married,24151.56634945744,"492,068.94"
405,406,49,17201.938343704744,207620.3331259463,275,Auto,119746.33128582741,Single,43142.22391624325,"207,620.33"
406,407,64,17262.3139951683,447579.10582117154,161,Personal,51975.38255623524,Single,41571.713932787425,"447,579.11"
407,408,39,81642.89730290683,118827.52991608766,311,Auto,121899.50993765195,Single,22311.833267229827,"118,827.53"
408,409,40,66854.52484892381,110486.82849241623,47,Personal,119798.3421717507,Single,46551.537754930374,"110,486.83"
409,410,19,52783.477052142815,20411.371027833124,344,Home,158332.81720585225,Married,48112.600680100244,"20,411.37"
410,411,44,36524.217928226746,327575.0785610631,298,Home,170888.74333907748,Married,23069.701681201634,"327,575.08"
411,412,59,87842.85354049772,187420.54014326175,314,Home,102077.23630467421,Single,24176.997951722195,"187,420.54"
412,413,19,39852.0656348409,432857.33367062034,322,Personal,77908.31863651141,Single,30225.366136878354,"432,857.33"
413,414,43,81843.34450768614,239238.9038123208,219,Home,70383.60703049153,Single,47644.832501346944,"239,238.90"
414,415,34,44474.35594845162,484255.74681778724,117,Personal,59059.171423352585,Married,45052.77732569246,"484,255.75"
415,416,57,38317.49851306585,96835.13027304497,169,Auto,35088.32688482935,Married,14102.718503343593,"96,835.13"
416,417,50,46805.298781291036,434968.46813802735,132,Personal,84928.39629607483,Married,25709.22973085665,"434,968.47"
417,418,26,30836.409542250065,389415.44213191216,66,Auto,72293.34612288707,Single,32134.847589990874,"389,415.44"
418,419,60,75013.32863744887,386606.3130988057,23,Personal,194123.04252662128,Single,30125.2989020616,"386,606.31"
419,420,65,50769.318619155434,423167.6979178594,156,Auto,122599.04459375769,Married,17754.52271747571,"423,167.70"
420,421,56,23989.05681953491,381706.87551678444,147,Home,85773.48183033883,Single,44352.670846726185,"381,706.88"
421,422,46,90057.88275418228,314979.0592075506,14,Auto,126581.8301738968,Married,37077.63131987349,"314,979.06"
422,423,59,39005.23091594793,69966.21445278185,155,Home,49359.422735496715,Single,43516.334994072145,"69,966.21"
423,424,43,54811.73325028487,21100.4588481697,41,Home,102707.6561103855,Married,44350.57117397889,"21,100.46"
424,425,52,90740.73898549014,460819.684668765,248,Auto,134591.00624868617,Single,39934.23414662959,"460,819.68"
425,426,67,62799.56159548522,310241.90568776533,290,Personal,110557.120563679,Married,27568.424049988695,"310,241.91"
426,427,42,12572.906030128042,399285.95903320727,359,Personal,95311.29011450674,Married,34421.87020061698,"399,285.96"
427,428,41,94043.38023773403,243353.56399871228,126,Personal,198923.46805744717,Married,16414.616244789726,"243,353.56"
428,429,30,63143.097254070366,63067.55353638527,115,Personal,179055.08337606222,Married,36945.81669899631,"63,067.55"
429,430,24,34155.655851051524,66966.96714026247,129,Personal,134096.04267790203,Married,17170.13022957123,"66,966.97"
430,431,53,14787.93519367534,344354.8171783408,16,Home,124641.03820689948,Married,37757.983620406274,"344,354.82"
431,432,62,79608.4937377593,218001.41797523404,259,Personal,133615.5839693022,Single,19183.926430158746,"218,001.42"
432,433,37,62387.202836922836,104259.73971666668,332,Home,60229.61886892582,Single,14702.052006008798,"104,259.74"
433,434,18,53812.64810565583,248339.30063701124,132,Home,94149.10507125576,Single,16611.3796057183,"248,339.30"
434,435,25,89495.36572204481,36783.42385219137,297,Home,31905.41825590738,Married,10079.68540876281,"36,783.42"
435,436,63,79071.12391122854,293075.8439476274,160,Auto,108220.55656019467,Married,38749.58471414121,"293,075.84"
436,437,33,16015.813093542367,138151.73519537336,95,Auto,120029.30219259106,Single,39296.04196233516,"138,151.74"
437,438,31,31860.484711759276,399791.75481540815,242,Home,64856.20381806168,Married,30597.33399653038,"399,791.75"
438,439,29,25600.42484163211,158629.16966716902,299,Auto,193705.0482539649,Married,16454.51204221535,"158,629.17"
439,440,68,74650.68296469502,230333.9737954916,172,Personal,184154.55691401736,Married,13342.17350042759,"230,333.97"
440,441,40,4319.711038842159,10752.167254509815,283,Personal,151375.0662047835,Married,10765.15865749148,"10,752.17"
441,442,32,57419.07880226034,40861.20945830664,49,Home,118342.66003393845,Married,16629.927078608827,"40,861.21"
442,443,45,76483.40988832836,199284.310421309,237,Personal,177244.60293834488,Single,45634.22139932587,"199,284.31"
443,444,51,87799.7980394132,242569.72318497614,153,Home,47864.160169106006,Single,19661.473668067272,"242,569.72"
444,445,19,34866.09312287484,302010.1713190553,303,Home,163339.21399810488,Single,24170.853088688626,"302,010.17"
445,446,49,82304.47316252928,149372.9764611051,162,Personal,46843.642444198456,Single,14213.819379253327,"149,372.98"
446,447,40,11952.541958565516,349016.0336326386,125,Auto,163986.86594614596,Single,18894.45218992681,"349,016.03"
447,448,39,84798.7768817173,430760.5866086563,248,Personal,73259.32444398747,Married,30768.982831208206,"430,760.59"
448,449,68,13621.37757086626,391026.23950220813,77,Personal,178490.85167818307,Married,34310.1073238261,"391,026.24"
449,450,42,40331.44176547636,24611.318547436786,352,Home,190207.36641944462,Married,19814.09256664844,"24,611.32"
450,451,39,79932.24121217581,242850.93889262533,269,Home,51039.294645895236,Married,12309.286369004689,"242,850.94"
451,452,39,15841.825307528605,56940.43831699656,260,Home,105968.23088644387,Single,25641.314765095944,"56,940.44"
452,453,66,23695.888128031507,124812.2828519511,342,Home,196672.7911784699,Single,19368.134837053367,"124,812.28"
453,454,69,72503.00427091356,493397.9836672375,334,Auto,109596.30129530065,Single,18782.156929192075,"493,397.98"
454,455,59,72283.61711806136,75535.29373624905,191,Auto,176120.8164400454,Married,48394.51210853821,"75,535.29"
455,456,23,64473.61565564443,251949.63595842125,201,Auto,128028.01637298097,Single,34652.01943702896,"251,949.64"
456,457,32,69700.89600224291,310987.08848746895,165,Home,90682.73388593033,Married,32275.137726883837,"310,987.09"
457,458,60,54729.71989141202,352720.16041933146,207,Home,75012.1222170273,Single,26631.004140932877,"352,720.16"
458,459,54,25928.106831788322,282026.0983260225,322,Home,60564.04094006527,Single,27157.77333720577,"282,026.10"
459,460,50,35223.903356888026,9836.56947249591,273,Auto,158314.683491097,Married,31636.200153523234,"9,836.57"
460,461,25,18978.17396334114,166598.347580776,154,Home,92644.58869402988,Married,37857.19228144429,"166,598.35"
461,462,61,90936.6055720292,261267.26347543215,353,Personal,114473.20588513145,Single,38085.84384727318,"261,267.26"
462,463,61,58755.787681845926,48493.91707669251,327,Personal,111156.95900020684,Single,16867.756308217984,"48,493.92"
463,464,22,40684.29025960035,178560.33094854446,112,Home,126023.83011579797,Married,30004.51008306508,"178,560.33"
464,465,56,46738.574560769135,21435.53885172645,255,Personal,176476.00048429664,Single,26478.32380136408,"21,435.54"
465,466,21,94781.05062156972,43896.356091735266,23,Personal,196629.38512710013,Single,44821.078650775366,"43,896.36"
466,467,23,161817.88908491938,2014770.2171979006,250,Auto,96327.23650041796,Married,35256.75684873505,"2,014,770.22"
467,468,62,59036.753369662925,70694.29825131487,60,Home,169815.81136860303,Single,31300.162656639273,"70,694.30"
468,469,49,51082.97920956213,285932.7198894713,53,Home,158792.36406457558,Married,14615.785687156695,"285,932.72"
469,470,69,61533.96930803014,346285.1597229465,177,Auto,125367.56650472531,Single,34225.51557293646,"346,285.16"
470,471,47,2792.9081982632106,401290.416058996,93,Personal,192308.2501320883,Married,14688.156227209336,"401,290.42"
471,472,64,87340.266985471,104074.370901181,302,Personal,60083.04021747049,Single,23488.263022630083,"104,074.37"
472,473,52,93279.70996587763,87903.87821823952,169,Home,44121.23680418375,Married,15713.678592573275,"87,903.88"
473,474,57,56948.18517533169,56761.08096552813,227,Personal,174443.34421719887,Single,37682.94588097476,"56,761.08"
474,475,69,69968.43156381234,320032.97352410015,169,Auto,101851.21791090595,Married,18250.084553446104,"320,032.97"
475,476,33,92327.43873655227,354705.48461101606,145,Auto,173219.54948623557,Single,25674.37492752104,"354,705.48"
476,477,30,71016.62479702647,20635.14168869281,78,Home,181290.7859091976,Single,45826.99110475115,"20,635.14"
477,478,67,16101.365248511873,468425.06189062644,347,Auto,35930.0788833375,Single,18172.65533595881,"468,425.06"
478,479,59,58052.54765651451,30725.785407478845,18,Auto,179606.33352256063,Single,30312.202558351164,"30,725.79"
479,480,47,61064.789591902736,272941.6859740299,25,Home,103455.83468964888,Single,26770.86644664088,"272,941.69"
480,481,36,42988.936458936216,355984.95712820365,84,Auto,114325.68557574064,Single,10724.96164182919,"355,984.96"
481,482,34,73907.97932684756,436129.71625431237,174,Auto,134653.68944131178,Single,41710.32454291251,"436,129.72"
482,483,36,93502.33446213246,358473.03140555177,77,Auto,187116.95617776518,Single,12761.83625258399,"358,473.03"
483,484,45,92631.28277777086,401855.40111954696,358,Personal,28345.316525208706,Single,28970.200839078145,"401,855.40"
484,485,43,45633.09776900908,173027.845308689,141,Home,108447.60695561799,Married,32427.131797558,"173,027.85"
485,486,54,12210.56653823477,408338.43130452355,217,Home,145351.35742534813,Married,35137.05826458348,"408,338.43"
486,487,43,98499.27869727112,44656.848960414194,287,Home,151473.71759719,Single,37545.26517231502,"44,656.85"
487,488,40,84050.91055814747,447934.2447499612,267,Personal,146193.1755189939,Married,20130.895340908603,"447,934.24"
488,489,26,13341.605439123417,276058.2261960994,277,Personal,48526.14764642133,Single,10399.151066337974,"276,058.23"
489,490,29,92163.34637911986,409562.39613143436,36,Home,77394.2279650442,Single,38937.74649419648,"409,562.40"
490,491,18,87119.7398441507,228897.55083655857,292,Personal,87775.21694797736,Married,31426.263973903144,"228,897.55"
491,492,18,52364.96765548114,323570.95912227983,264,Home,165776.5113439134,Single,43444.70812828995,"323,570.96"
492,493,64,59536.268138748,265569.317163376,321,Personal,73782.97767254678,Single,42855.53451602777,"265,569.32"
493,494,51,40501.2676831429,367136.81326888927,300,Auto,61873.368676760554,Married,43733.04671151533,"367,136.81"
494,495,49,6421.402243381102,45406.84110514184,175,Auto,192553.40333166684,Married,29403.786399181605,"45,406.84"
495,496,65,34184.52692294419,34874.28157532908,106,Home,26551.074894857058,Single,23345.135833474626,"34,874.28"
496,497,42,80482.49141120313,127316.10083502249,281,Personal,199618.64974434618,Married,41662.3281036548,"127,316.10"
497,498,57,1458.570277455683,83974.61665602823,332,Personal,143443.72730004424,Married,28051.764521170197,"83,974.62"
498,499,62,34016.417997423276,436532.86546313984,121,Auto,169982.12740359548,Single,17337.68785613738,"436,532.87"
499,500,18,40418.70066550339,113510.92374223194,347,Auto,76558.3943605838,Married,44198.96078245898,"113,510.92"
