<annotation>
	<folder />
	<filename>bird_image_2.jpg</filename>
	<path>yolo/data_images\bird_image_2.jpg</path>
	<source>
		<database>roboflow.com</database>
	</source>
	<size>
		<width>640</width>
		<height>640</height>
		<depth>3</depth>
	</size>
	<segmented>0</segmented>
	<object>
		<name>balloon</name>
		<pose>Unspecified</pose>
		<truncated>0</truncated>
		<difficult>0</difficult>
		<occluded>0</occluded>
		<bndbox>
			<xmin>223</xmin>
			<xmax>330</xmax>
			<ymin>162</ymin>
			<ymax>343</ymax>
		</bndbox>
	</object>
	<object>
		<name>balloon</name>
		<pose>Unspecified</pose>
		<truncated>0</truncated>
		<difficult>0</difficult>
		<occluded>0</occluded>
		<bndbox>
			<xmin>60</xmin>
			<xmax>148</xmax>
			<ymin>268</ymin>
			<ymax>415</ymax>
		</bndbox>
	</object>
	<object>
		<name>balloon</name>
		<pose>Unspecified</pose>
		<truncated>0</truncated>
		<difficult>0</difficult>
		<occluded>0</occluded>
		<bndbox>
			<xmin>239</xmin>
			<xmax>312</xmax>
			<ymin>307</ymin>
			<ymax>414</ymax>
		</bndbox>
	</object>
	<object>
		<name>balloon</name>
		<pose>Unspecified</pose>
		<truncated>0</truncated>
		<difficult>0</difficult>
		<occluded>0</occluded>
		<bndbox>
			<xmin>353</xmin>
			<xmax>459</xmax>
			<ymin>389</ymin>
			<ymax>550</ymax>
		</bndbox>
	</object>
	<object>
		<name>balloon</name>
		<pose>Unspecified</pose>
		<truncated>0</truncated>
		<difficult>0</difficult>
		<occluded>0</occluded>
		<bndbox>
			<xmin>481</xmin>
			<xmax>641</xmax>
			<ymin>405</ymin>
			<ymax>605</ymax>
		</bndbox>
	</object>
	<object>
		<name>balloon</name>
		<pose>Unspecified</pose>
		<truncated>0</truncated>
		<difficult>0</difficult>
		<occluded>0</occluded>
		<bndbox>
			<xmin>459</xmin>
			<xmax>588</xmax>
			<ymin>348</ymin>
			<ymax>511</ymax>
		</bndbox>
	</object>
	<metadata>
		<tags>
			<tag>balloon</tag>
		</tags>
	</metadata>
</annotation>