<annotation>
	<folder />
	<filename>bird_image_5.jpg</filename>
	<path>yolo/data_images\bird_image_5.jpg</path>
	<source>
		<database>roboflow.com</database>
	</source>
	<size>
		<width>640</width>
		<height>640</height>
		<depth>3</depth>
	</size>
	<segmented>0</segmented>
	<object>
		<name>balloon</name>
		<pose>Unspecified</pose>
		<truncated>0</truncated>
		<difficult>0</difficult>
		<occluded>0</occluded>
		<bndbox>
			<xmin>128</xmin>
			<xmax>382</xmax>
			<ymin>101</ymin>
			<ymax>323</ymax>
		</bndbox>
	</object>
	<object>
		<name>balloon</name>
		<pose>Unspecified</pose>
		<truncated>0</truncated>
		<difficult>0</difficult>
		<occluded>0</occluded>
		<bndbox>
			<xmin>449</xmin>
			<xmax>597</xmax>
			<ymin>317</ymin>
			<ymax>457</ymax>
		</bndbox>
	</object>
	<object>
		<name>balloon</name>
		<pose>Unspecified</pose>
		<truncated>0</truncated>
		<difficult>0</difficult>
		<occluded>0</occluded>
		<bndbox>
			<xmin>101</xmin>
			<xmax>266</xmax>
			<ymin>284</ymin>
			<ymax>442</ymax>
		</bndbox>
	</object>
	<metadata>
		<tags>
			<tag>balloon</tag>
		</tags>
	</metadata>
</annotation>