<annotation>
	<folder />
	<filename>bottle_image_20.jpg</filename>
	<path>yolo/data_images\bottle_image_20.jpg</path>
	<source>
		<database>roboflow.com</database>
	</source>
	<size>
		<width>787</width>
		<height>1024</height>
		<depth>3</depth>
	</size>
	<segmented>0</segmented>
	<object>
		<name>bottle</name>
		<pose>Unspecified</pose>
		<truncated>0</truncated>
		<difficult>0</difficult>
		<occluded>0</occluded>
		<bndbox>
			<xmin>430</xmin>
			<xmax>736</xmax>
			<ymin>207</ymin>
			<ymax>858</ymax>
		</bndbox>
	</object>
	<object>
		<name>bottle</name>
		<pose>Unspecified</pose>
		<truncated>0</truncated>
		<difficult>0</difficult>
		<occluded>0</occluded>
		<bndbox>
			<xmin>68</xmin>
			<xmax>417</xmax>
			<ymin>97</ymin>
			<ymax>857</ymax>
		</bndbox>
	</object>
	<metadata>
		<tags>
			<tag>bottle</tag>
		</tags>
	</metadata>
</annotation>