<annotation>
	<folder />
	<filename>bottle_image_49.jpg</filename>
	<path>yolo/data_images\bottle_image_49.jpg</path>
	<source>
		<database>roboflow.com</database>
	</source>
	<size>
		<width>400</width>
		<height>400</height>
		<depth>3</depth>
	</size>
	<segmented>0</segmented>
	<object>
		<name>bottle</name>
		<pose>Unspecified</pose>
		<truncated>0</truncated>
		<difficult>0</difficult>
		<occluded>0</occluded>
		<bndbox>
			<xmin>219</xmin>
			<xmax>318</xmax>
			<ymin>25</ymin>
			<ymax>383</ymax>
		</bndbox>
	</object>
	<object>
		<name>bottle</name>
		<pose>Unspecified</pose>
		<truncated>0</truncated>
		<difficult>0</difficult>
		<occluded>0</occluded>
		<bndbox>
			<xmin>45</xmin>
			<xmax>220</xmax>
			<ymin>245</ymin>
			<ymax>363</ymax>
		</bndbox>
	</object>
	<metadata>
		<tags>
			<tag>bottle</tag>
		</tags>
	</metadata>
</annotation>