<annotation>
	<folder />
	<filename>bottle_image_11.jpg</filename>
	<path>yolo/data_images\bottle_image_11.jpg</path>
	<source>
		<database>roboflow.com</database>
	</source>
	<size>
		<width>960</width>
		<height>673</height>
		<depth>3</depth>
	</size>
	<segmented>0</segmented>
	<object>
		<name>bottle</name>
		<pose>Unspecified</pose>
		<truncated>0</truncated>
		<difficult>0</difficult>
		<occluded>0</occluded>
		<bndbox>
			<xmin>628</xmin>
			<xmax>786</xmax>
			<ymin>45</ymin>
			<ymax>645</ymax>
		</bndbox>
	</object>
	<object>
		<name>bottle</name>
		<pose>Unspecified</pose>
		<truncated>0</truncated>
		<difficult>0</difficult>
		<occluded>0</occluded>
		<bndbox>
			<xmin>183</xmin>
			<xmax>316</xmax>
			<ymin>71</ymin>
			<ymax>564</ymax>
		</bndbox>
	</object>
	<metadata>
		<tags>
			<tag>bottle</tag>
		</tags>
	</metadata>
</annotation>