<annotation>
	<folder />
	<filename>bottle_image_22.jpg</filename>
	<path>yolo/data_images\bottle_image_22.jpg</path>
	<source>
		<database>roboflow.com</database>
	</source>
	<size>
		<width>808</width>
		<height>1024</height>
		<depth>3</depth>
	</size>
	<segmented>0</segmented>
	<object>
		<name>bottle</name>
		<pose>Unspecified</pose>
		<truncated>0</truncated>
		<difficult>0</difficult>
		<occluded>0</occluded>
		<bndbox>
			<xmin>86</xmin>
			<xmax>370</xmax>
			<ymin>59</ymin>
			<ymax>933</ymax>
		</bndbox>
	</object>
	<object>
		<name>bottle</name>
		<pose>Unspecified</pose>
		<truncated>0</truncated>
		<difficult>0</difficult>
		<occluded>0</occluded>
		<bndbox>
			<xmin>434</xmin>
			<xmax>734</xmax>
			<ymin>53</ymin>
			<ymax>943</ymax>
		</bndbox>
	</object>
	<metadata>
		<tags>
			<tag>bottle</tag>
		</tags>
	</metadata>
</annotation>