<annotation>
	<folder />
	<filename>bottle_image_8.jpg</filename>
	<path>yolo/data_images\bottle_image_8.jpg</path>
	<source>
		<database>roboflow.com</database>
	</source>
	<size>
		<width>800</width>
		<height>620</height>
		<depth>3</depth>
	</size>
	<segmented>0</segmented>
	<object>
		<name>bottle</name>
		<pose>Unspecified</pose>
		<truncated>0</truncated>
		<difficult>0</difficult>
		<occluded>0</occluded>
		<bndbox>
			<xmin>95</xmin>
			<xmax>282</xmax>
			<ymin>84</ymin>
			<ymax>619</ymax>
		</bndbox>
	</object>
	<object>
		<name>bottle</name>
		<pose>Unspecified</pose>
		<truncated>0</truncated>
		<difficult>0</difficult>
		<occluded>0</occluded>
		<bndbox>
			<xmin>279</xmin>
			<xmax>463</xmax>
			<ymin>106</ymin>
			<ymax>619</ymax>
		</bndbox>
	</object>
	<object>
		<name>bottle</name>
		<pose>Unspecified</pose>
		<truncated>0</truncated>
		<difficult>0</difficult>
		<occluded>0</occluded>
		<bndbox>
			<xmin>590</xmin>
			<xmax>722</xmax>
			<ymin>383</ymin>
			<ymax>620</ymax>
		</bndbox>
	</object>
	<object>
		<name>bottle</name>
		<pose>Unspecified</pose>
		<truncated>0</truncated>
		<difficult>0</difficult>
		<occluded>0</occluded>
		<bndbox>
			<xmin>458</xmin>
			<xmax>584</xmax>
			<ymin>378</ymin>
			<ymax>620</ymax>
		</bndbox>
	</object>
	<metadata>
		<tags>
			<tag>bottle</tag>
		</tags>
	</metadata>
</annotation>