<annotation>
	<folder />
	<filename>bottle_image_21.jpg</filename>
	<path>yolo/data_images\bottle_image_21.jpg</path>
	<source>
		<database>roboflow.com</database>
	</source>
	<size>
		<width>595</width>
		<height>1024</height>
		<depth>3</depth>
	</size>
	<segmented>0</segmented>
	<object>
		<name>bottle</name>
		<pose>Unspecified</pose>
		<truncated>0</truncated>
		<difficult>0</difficult>
		<occluded>0</occluded>
		<bndbox>
			<xmin>186</xmin>
			<xmax>413</xmax>
			<ymin>52</ymin>
			<ymax>977</ymax>
		</bndbox>
	</object>
	<metadata>
		<tags>
			<tag>bottle</tag>
		</tags>
	</metadata>
</annotation>