<annotation>
	<folder />
	<filename>bottle_image_81.jpg</filename>
	<path>yolo/data_images\bottle_image_81.jpg</path>
	<source>
		<database>roboflow.com</database>
	</source>
	<size>
		<width>626</width>
		<height>766</height>
		<depth>3</depth>
	</size>
	<segmented>0</segmented>
	<object>
		<name>bottle</name>
		<pose>Unspecified</pose>
		<truncated>0</truncated>
		<difficult>0</difficult>
		<occluded>0</occluded>
		<bndbox>
			<xmin>376</xmin>
			<xmax>554</xmax>
			<ymin>41</ymin>
			<ymax>727</ymax>
		</bndbox>
	</object>
	<object>
		<name>bottle</name>
		<pose>Unspecified</pose>
		<truncated>0</truncated>
		<difficult>0</difficult>
		<occluded>0</occluded>
		<bndbox>
			<xmin>73</xmin>
			<xmax>248</xmax>
			<ymin>38</ymin>
			<ymax>723</ymax>
		</bndbox>
	</object>
	<metadata>
		<tags>
			<tag>bottle</tag>
		</tags>
	</metadata>
</annotation>