<annotation>
	<folder />
	<filename>bottle_image_47.jpg</filename>
	<path>yolo/data_images\bottle_image_47.jpg</path>
	<source>
		<database>roboflow.com</database>
	</source>
	<size>
		<width>505</width>
		<height>590</height>
		<depth>3</depth>
	</size>
	<segmented>0</segmented>
	<object>
		<name>bottle</name>
		<pose>Unspecified</pose>
		<truncated>0</truncated>
		<difficult>0</difficult>
		<occluded>0</occluded>
		<bndbox>
			<xmin>77</xmin>
			<xmax>222</xmax>
			<ymin>27</ymin>
			<ymax>552</ymax>
		</bndbox>
	</object>
	<object>
		<name>bottle</name>
		<pose>Unspecified</pose>
		<truncated>0</truncated>
		<difficult>0</difficult>
		<occluded>0</occluded>
		<bndbox>
			<xmin>275</xmin>
			<xmax>421</xmax>
			<ymin>26</ymin>
			<ymax>553</ymax>
		</bndbox>
	</object>
	<metadata>
		<tags>
			<tag>bottle</tag>
		</tags>
	</metadata>
</annotation>