<annotation>
	<folder />
	<filename>bottle_image_23.jpg</filename>
	<path>yolo/data_images\bottle_image_23.jpg</path>
	<source>
		<database>roboflow.com</database>
	</source>
	<size>
		<width>681</width>
		<height>1024</height>
		<depth>3</depth>
	</size>
	<segmented>0</segmented>
	<object>
		<name>bottle</name>
		<pose>Unspecified</pose>
		<truncated>0</truncated>
		<difficult>0</difficult>
		<occluded>0</occluded>
		<bndbox>
			<xmin>361</xmin>
			<xmax>603</xmax>
			<ymin>308</ymin>
			<ymax>947</ymax>
		</bndbox>
	</object>
	<object>
		<name>bottle</name>
		<pose>Unspecified</pose>
		<truncated>0</truncated>
		<difficult>0</difficult>
		<occluded>0</occluded>
		<bndbox>
			<xmin>50</xmin>
			<xmax>329</xmax>
			<ymin>122</ymin>
			<ymax>893</ymax>
		</bndbox>
	</object>
	<metadata>
		<tags>
			<tag>bottle</tag>
		</tags>
	</metadata>
</annotation>