<annotation>
	<folder />
	<filename>car_image_90.jpg</filename>
	<path>yolo/data_images\car_image_90.jpg</path>
	<source>
		<database>roboflow.com</database>
	</source>
	<size>
		<width>1024</width>
		<height>681</height>
		<depth>3</depth>
	</size>
	<segmented>0</segmented>
	<object>
		<name>car</name>
		<pose>Unspecified</pose>
		<truncated>0</truncated>
		<difficult>0</difficult>
		<occluded>0</occluded>
		<bndbox>
			<xmin>9</xmin>
			<xmax>1024</xmax>
			<ymin>93</ymin>
			<ymax>637</ymax>
		</bndbox>
	</object>
	<object>
		<name>car</name>
		<pose>Unspecified</pose>
		<truncated>0</truncated>
		<difficult>0</difficult>
		<occluded>0</occluded>
		<bndbox>
			<xmin>105</xmin>
			<xmax>498</xmax>
			<ymin>154</ymin>
			<ymax>273</ymax>
		</bndbox>
	</object>
	<metadata>
		<tags>
			<tag>car</tag>
		</tags>
	</metadata>
</annotation>