<annotation>
	<folder />
	<filename>car_image_55.jpg</filename>
	<path>yolo/data_images\car_image_55.jpg</path>
	<source>
		<database>roboflow.com</database>
	</source>
	<size>
		<width>720</width>
		<height>493</height>
		<depth>3</depth>
	</size>
	<segmented>0</segmented>
	<object>
		<name>car</name>
		<pose>Unspecified</pose>
		<truncated>0</truncated>
		<difficult>0</difficult>
		<occluded>0</occluded>
		<bndbox>
			<xmin>20</xmin>
			<xmax>631</xmax>
			<ymin>268</ymin>
			<ymax>446</ymax>
		</bndbox>
	</object>
	<metadata>
		<tags>
			<tag>car</tag>
		</tags>
	</metadata>
</annotation>