<annotation>
	<folder />
	<filename>car_image_38.jpg</filename>
	<path>yolo/data_images\car_image_38.jpg</path>
	<source>
		<database>roboflow.com</database>
	</source>
	<size>
		<width>1024</width>
		<height>695</height>
		<depth>3</depth>
	</size>
	<segmented>0</segmented>
	<object>
		<name>car</name>
		<pose>Unspecified</pose>
		<truncated>0</truncated>
		<difficult>0</difficult>
		<occluded>0</occluded>
		<bndbox>
			<xmin>464</xmin>
			<xmax>976</xmax>
			<ymin>408</ymin>
			<ymax>626</ymax>
		</bndbox>
	</object>
	<object>
		<name>car</name>
		<pose>Unspecified</pose>
		<truncated>0</truncated>
		<difficult>0</difficult>
		<occluded>0</occluded>
		<bndbox>
			<xmin>98</xmin>
			<xmax>463</xmax>
			<ymin>408</ymin>
			<ymax>585</ymax>
		</bndbox>
	</object>
	<metadata>
		<tags>
			<tag>car</tag>
		</tags>
	</metadata>
</annotation>