<annotation>
	<folder />
	<filename>car_image_88.jpg</filename>
	<path>yolo/data_images\car_image_88.jpg</path>
	<source>
		<database>roboflow.com</database>
	</source>
	<size>
		<width>1024</width>
		<height>681</height>
		<depth>3</depth>
	</size>
	<segmented>0</segmented>
	<object>
		<name>car</name>
		<pose>Unspecified</pose>
		<truncated>0</truncated>
		<difficult>0</difficult>
		<occluded>0</occluded>
		<bndbox>
			<xmin>217</xmin>
			<xmax>1007</xmax>
			<ymin>395</ymin>
			<ymax>656</ymax>
		</bndbox>
	</object>
	<object>
		<name>car</name>
		<pose>Unspecified</pose>
		<truncated>0</truncated>
		<difficult>0</difficult>
		<occluded>0</occluded>
		<bndbox>
			<xmin>1</xmin>
			<xmax>66</xmax>
			<ymin>404</ymin>
			<ymax>596</ymax>
		</bndbox>
	</object>
	<object>
		<name>car</name>
		<pose>Unspecified</pose>
		<truncated>0</truncated>
		<difficult>0</difficult>
		<occluded>0</occluded>
		<bndbox>
			<xmin>594</xmin>
			<xmax>1024</xmax>
			<ymin>361</ymin>
			<ymax>596</ymax>
		</bndbox>
	</object>
	<metadata>
		<tags>
			<tag>car</tag>
		</tags>
	</metadata>
</annotation>