<annotation>
	<folder />
	<filename>car_image_44.jpg</filename>
	<path>yolo/data_images\car_image_44.jpg</path>
	<source>
		<database>roboflow.com</database>
	</source>
	<size>
		<width>952</width>
		<height>635</height>
		<depth>3</depth>
	</size>
	<segmented>0</segmented>
	<object>
		<name>car</name>
		<pose>Unspecified</pose>
		<truncated>0</truncated>
		<difficult>0</difficult>
		<occluded>0</occluded>
		<bndbox>
			<xmin>50</xmin>
			<xmax>670</xmax>
			<ymin>141</ymin>
			<ymax>484</ymax>
		</bndbox>
	</object>
	<metadata>
		<tags>
			<tag>car</tag>
		</tags>
	</metadata>
</annotation>