<annotation>
	<folder />
	<filename>car_image_3.jpg</filename>
	<path>yolo/data_images\car_image_3.jpg</path>
	<source>
		<database>roboflow.com</database>
	</source>
	<size>
		<width>1009</width>
		<height>1024</height>
		<depth>3</depth>
	</size>
	<segmented>0</segmented>
	<object>
		<name>car</name>
		<pose>Unspecified</pose>
		<truncated>0</truncated>
		<difficult>0</difficult>
		<occluded>0</occluded>
		<bndbox>
			<xmin>90</xmin>
			<xmax>874</xmax>
			<ymin>438</ymin>
			<ymax>722</ymax>
		</bndbox>
	</object>
	<object>
		<name>car</name>
		<pose>Unspecified</pose>
		<truncated>0</truncated>
		<difficult>0</difficult>
		<occluded>0</occluded>
		<bndbox>
			<xmin>152</xmin>
			<xmax>691</xmax>
			<ymin>377</ymin>
			<ymax>575</ymax>
		</bndbox>
	</object>
	<metadata>
		<tags>
			<tag>car</tag>
		</tags>
	</metadata>
</annotation>