<annotation>
	<folder />
	<filename>chair_image_45.jpg</filename>
	<path>yolo/data_images\chair_image_45.jpg</path>
	<source>
		<database>roboflow.com</database>
	</source>
	<size>
		<width>235</width>
		<height>300</height>
		<depth>3</depth>
	</size>
	<segmented>0</segmented>
	<object>
		<name>chair</name>
		<pose>Unspecified</pose>
		<truncated>0</truncated>
		<difficult>0</difficult>
		<occluded>0</occluded>
		<bndbox>
			<xmin>30</xmin>
			<xmax>201</xmax>
			<ymin>9</ymin>
			<ymax>296</ymax>
		</bndbox>
	</object>
	<metadata>
		<tags>
			<tag>chair</tag>
		</tags>
	</metadata>
</annotation>