<annotation>
	<folder />
	<filename>chair_image_9.jpg</filename>
	<path>yolo/data_images\chair_image_9.jpg</path>
	<source>
		<database>roboflow.com</database>
	</source>
	<size>
		<width>765</width>
		<height>1024</height>
		<depth>3</depth>
	</size>
	<segmented>0</segmented>
	<object>
		<name>chair</name>
		<pose>Unspecified</pose>
		<truncated>0</truncated>
		<difficult>0</difficult>
		<occluded>0</occluded>
		<bndbox>
			<xmin>317</xmin>
			<xmax>742</xmax>
			<ymin>83</ymin>
			<ymax>825</ymax>
		</bndbox>
	</object>
	<object>
		<name>chair</name>
		<pose>Unspecified</pose>
		<truncated>0</truncated>
		<difficult>0</difficult>
		<occluded>0</occluded>
		<bndbox>
			<xmin>1</xmin>
			<xmax>429</xmax>
			<ymin>87</ymin>
			<ymax>812</ymax>
		</bndbox>
	</object>
	<metadata>
		<tags>
			<tag>chair</tag>
		</tags>
	</metadata>
</annotation>