<annotation>
	<folder />
	<filename>chair_image_53.jpg</filename>
	<path>yolo/data_images\chair_image_53.jpg</path>
	<source>
		<database>roboflow.com</database>
	</source>
	<size>
		<width>441</width>
		<height>484</height>
		<depth>3</depth>
	</size>
	<segmented>0</segmented>
	<object>
		<name>chair</name>
		<pose>Unspecified</pose>
		<truncated>0</truncated>
		<difficult>0</difficult>
		<occluded>0</occluded>
		<bndbox>
			<xmin>19</xmin>
			<xmax>292</xmax>
			<ymin>43</ymin>
			<ymax>474</ymax>
		</bndbox>
	</object>
	<object>
		<name>chair</name>
		<pose>Unspecified</pose>
		<truncated>0</truncated>
		<difficult>0</difficult>
		<occluded>0</occluded>
		<bndbox>
			<xmin>270</xmin>
			<xmax>441</xmax>
			<ymin>38</ymin>
			<ymax>436</ymax>
		</bndbox>
	</object>
	<metadata>
		<tags>
			<tag>chair</tag>
		</tags>
	</metadata>
</annotation>