<annotation>
	<folder />
	<filename>chair_image_1.jpg</filename>
	<path>yolo/data_images\chair_image_1.jpg</path>
	<source>
		<database>roboflow.com</database>
	</source>
	<size>
		<width>800</width>
		<height>531</height>
		<depth>3</depth>
	</size>
	<segmented>0</segmented>
	<object>
		<name>chair</name>
		<pose>Unspecified</pose>
		<truncated>0</truncated>
		<difficult>0</difficult>
		<occluded>0</occluded>
		<bndbox>
			<xmin>98</xmin>
			<xmax>487</xmax>
			<ymin>78</ymin>
			<ymax>530</ymax>
		</bndbox>
	</object>
	<object>
		<name>chair</name>
		<pose>Unspecified</pose>
		<truncated>0</truncated>
		<difficult>0</difficult>
		<occluded>0</occluded>
		<bndbox>
			<xmin>458</xmin>
			<xmax>791</xmax>
			<ymin>94</ymin>
			<ymax>530</ymax>
		</bndbox>
	</object>
	<object>
		<name>chair</name>
		<pose>Unspecified</pose>
		<truncated>0</truncated>
		<difficult>0</difficult>
		<occluded>0</occluded>
		<bndbox>
			<xmin>1</xmin>
			<xmax>155</xmax>
			<ymin>87</ymin>
			<ymax>530</ymax>
		</bndbox>
	</object>
	<metadata>
		<tags>
			<tag>chair</tag>
		</tags>
	</metadata>
</annotation>