<annotation>
	<folder />
	<filename>chair_image_15.jpg</filename>
	<path>yolo/data_images\chair_image_15.jpg</path>
	<source>
		<database>roboflow.com</database>
	</source>
	<size>
		<width>640</width>
		<height>426</height>
		<depth>3</depth>
	</size>
	<segmented>0</segmented>
	<object>
		<name>chair</name>
		<pose>Unspecified</pose>
		<truncated>0</truncated>
		<difficult>0</difficult>
		<occluded>0</occluded>
		<bndbox>
			<xmin>343</xmin>
			<xmax>580</xmax>
			<ymin>64</ymin>
			<ymax>372</ymax>
		</bndbox>
	</object>
	<object>
		<name>chair</name>
		<pose>Unspecified</pose>
		<truncated>0</truncated>
		<difficult>0</difficult>
		<occluded>0</occluded>
		<bndbox>
			<xmin>74</xmin>
			<xmax>326</xmax>
			<ymin>81</ymin>
			<ymax>408</ymax>
		</bndbox>
	</object>
	<object>
		<name>chair</name>
		<pose>Unspecified</pose>
		<truncated>0</truncated>
		<difficult>0</difficult>
		<occluded>0</occluded>
		<bndbox>
			<xmin>235</xmin>
			<xmax>391</xmax>
			<ymin>17</ymin>
			<ymax>216</ymax>
		</bndbox>
	</object>
	<metadata>
		<tags>
			<tag>chair</tag>
		</tags>
	</metadata>
</annotation>