<annotation>
	<folder />
	<filename>chair_image_64.jpg</filename>
	<path>yolo/data_images\chair_image_64.jpg</path>
	<source>
		<database>roboflow.com</database>
	</source>
	<size>
		<width>945</width>
		<height>600</height>
		<depth>3</depth>
	</size>
	<segmented>0</segmented>
	<object>
		<name>chair</name>
		<pose>Unspecified</pose>
		<truncated>0</truncated>
		<difficult>0</difficult>
		<occluded>0</occluded>
		<bndbox>
			<xmin>566</xmin>
			<xmax>826</xmax>
			<ymin>68</ymin>
			<ymax>540</ymax>
		</bndbox>
	</object>
	<object>
		<name>chair</name>
		<pose>Unspecified</pose>
		<truncated>0</truncated>
		<difficult>0</difficult>
		<occluded>0</occluded>
		<bndbox>
			<xmin>98</xmin>
			<xmax>435</xmax>
			<ymin>120</ymin>
			<ymax>555</ymax>
		</bndbox>
	</object>
	<metadata>
		<tags>
			<tag>chair</tag>
		</tags>
	</metadata>
</annotation>