<annotation>
	<folder />
	<filename>computer_image_13.jpg</filename>
	<path>yolo/data_images\computer_image_13.jpg</path>
	<source>
		<database>roboflow.com</database>
	</source>
	<size>
		<width>1024</width>
		<height>768</height>
		<depth>3</depth>
	</size>
	<segmented>0</segmented>
	<object>
		<name>computer</name>
		<pose>Unspecified</pose>
		<truncated>0</truncated>
		<difficult>0</difficult>
		<occluded>0</occluded>
		<bndbox>
			<xmin>558</xmin>
			<xmax>699</xmax>
			<ymin>258</ymin>
			<ymax>406</ymax>
		</bndbox>
	</object>
	<object>
		<name>computer</name>
		<pose>Unspecified</pose>
		<truncated>0</truncated>
		<difficult>0</difficult>
		<occluded>0</occluded>
		<bndbox>
			<xmin>463</xmin>
			<xmax>596</xmax>
			<ymin>212</ymin>
			<ymax>405</ymax>
		</bndbox>
	</object>
</annotation>