<annotation>
	<folder />
	<filename>computer_image_11.jpg</filename>
	<path>yolo/data_images\computer_image_11.jpg</path>
	<source>
		<database>roboflow.com</database>
	</source>
	<size>
		<width>1024</width>
		<height>768</height>
		<depth>3</depth>
	</size>
	<segmented>0</segmented>
	<object>
		<name>computer</name>
		<pose>Unspecified</pose>
		<truncated>0</truncated>
		<difficult>0</difficult>
		<occluded>0</occluded>
		<bndbox>
			<xmin>486</xmin>
			<xmax>634</xmax>
			<ymin>355</ymin>
			<ymax>505</ymax>
		</bndbox>
	</object>
	<object>
		<name>computer</name>
		<pose>Unspecified</pose>
		<truncated>0</truncated>
		<difficult>0</difficult>
		<occluded>0</occluded>
		<bndbox>
			<xmin>367</xmin>
			<xmax>510</xmax>
			<ymin>311</ymin>
			<ymax>512</ymax>
		</bndbox>
	</object>
</annotation>