<annotation>
	<folder />
	<filename>computer_image_10.jpg</filename>
	<path>yolo/data_images\computer_image_10.jpg</path>
	<source>
		<database>roboflow.com</database>
	</source>
	<size>
		<width>768</width>
		<height>1024</height>
		<depth>3</depth>
	</size>
	<segmented>0</segmented>
	<object>
		<name>computer</name>
		<pose>Unspecified</pose>
		<truncated>0</truncated>
		<difficult>0</difficult>
		<occluded>0</occluded>
		<bndbox>
			<xmin>191</xmin>
			<xmax>554</xmax>
			<ymin>65</ymin>
			<ymax>367</ymax>
		</bndbox>
	</object>
	<object>
		<name>computer</name>
		<pose>Unspecified</pose>
		<truncated>0</truncated>
		<difficult>0</difficult>
		<occluded>0</occluded>
		<bndbox>
			<xmin>499</xmin>
			<xmax>756</xmax>
			<ymin>577</ymin>
			<ymax>949</ymax>
		</bndbox>
	</object>
</annotation>