<annotation>
	<folder />
	<filename>computer_image_100.jpg</filename>
	<path>yolo/data_images\computer_image_100.jpg</path>
	<source>
		<database>roboflow.com</database>
	</source>
	<size>
		<width>685</width>
		<height>1024</height>
		<depth>3</depth>
	</size>
	<segmented>0</segmented>
	<object>
		<name>computer</name>
		<pose>Unspecified</pose>
		<truncated>0</truncated>
		<difficult>0</difficult>
		<occluded>0</occluded>
		<bndbox>
			<xmin>155</xmin>
			<xmax>433</xmax>
			<ymin>253</ymin>
			<ymax>487</ymax>
		</bndbox>
	</object>
</annotation>