<annotation>
	<folder />
	<filename>computer_image_1.jpg</filename>
	<path>yolo/data_images\computer_image_1.jpg</path>
	<source>
		<database>roboflow.com</database>
	</source>
	<size>
		<width>1024</width>
		<height>768</height>
		<depth>3</depth>
	</size>
	<segmented>0</segmented>
	<object>
		<name>computer</name>
		<pose>Unspecified</pose>
		<truncated>0</truncated>
		<difficult>0</difficult>
		<occluded>0</occluded>
		<bndbox>
			<xmin>45</xmin>
			<xmax>816</xmax>
			<ymin>93</ymin>
			<ymax>767</ymax>
		</bndbox>
	</object>
</annotation>